RID,REQUEST TYPE,DATE,MESSAGE,READABLE
511,get,17-,,
512,post,38-,bivdjpkqw,true
513,post,58-,ttgkeakyj,true
514,get,29-,,
515,post,98-,xzjsuhilv,true
516,get,32-,,
517,get,33-,,
518,get,112-,,
519,post,178-,edszenszj,true
520,get,184-,,
521,post,218-,xuhmeukby,true
522,get,43-,,
523,post,258-,ejeylvwzi,true
524,get,20-,,
525,get,111-,,
526,post,318-,vqdifeonh,true
527,get,126-,,
528,get,179-,,
529,get,181-,,
530,post,398-,nyydgilax,true
531,post,418-,uheycqdgp,true
532,get,28-,,
533,post,458-,glfggqets,true
534,get,167-,,
535,get,125-,,
536,post,518-,udigpaxig,true
537,get,449-,,
538,post,558-,xevmboztv,true
539,post,578-,jimehiysj,true
540,get,410-,,
