RID,REQUEST TYPE,ID TYPE,QUANTITY,VISIBLE
1,add,1-,2273,true
2,get,1-,,
3,add,3-,1509,true
4,get,3-,,
5,get,3-,,
6,hide,3-,,
7,add,7-,5761,true
8,get,7-,,
9,get,1-,,
10,update,1-,1291,
11,get,1-,,
12,update,3-,313,
13,get,7-,,
14,get,7-,,
15,get,1-,,
16,add,16-,206,true
17,add,17-,9602,true
18,get,1-,,
19,get,3-,,
20,hide,16-,,
21,add,21-,6022,true
22,get,7-,,
23,hide,16-,,
24,add,24-,3001,true
25,get,7-,,
26,unhide,1-,,
27,get,16-,,
28,get,16-,,
29,get,21-,,
30,get,1-,,
31,get,16-,,
32,get,16-,,
33,get,7-,,
34,get,21-,,
35,get,7-,,
36,get,21-,,
37,get,7-,,
38,get,24-,,
39,unhide,3-,,
40,get,7-,,
41,hide,21-,,
42,hide,17-,,
43,hide,16-,,
44,get,3-,,
45,get,16-,,
46,add,46-,5294,true
47,update,21-,8185,
48,add,48-,1745,true
49,get,17-,,
50,get,46-,,
51,get,1-,,
52,hide,46-,,
53,get,16-,,
54,add,54-,424,true
55,hide,1-,,
56,unhide,21-,,
57,get,21-,,
58,get,21-,,
59,add,59-,6998,true
60,unhide,17-,,
61,get,54-,,
62,get,48-,,
63,add,63-,4239,true
64,update,54-,5429,
65,get,3-,,
66,add,66-,5305,true
67,add,67-,6989,true
68,get,24-,,
69,get,54-,,
70,add,70-,1524,true
71,add,71-,3306,true
72,hide,63-,,
73,add,73-,3470,true
74,add,74-,5909,true
75,get,63-,,
76,hide,71-,,
77,update,3-,1078,
78,add,78-,5955,true
79,get,63-,,
80,add,80-,4068,true
81,update,59-,3346,
82,get,48-,,
83,add,83-,9352,true
84,unhide,24-,,
85,add,85-,327,true
86,get,85-,,
87,get,16-,,
88,update,16-,4358,
89,get,21-,,
90,unhide,48-,,
91,add,91-,1695,true
92,get,59-,,
93,add,93-,318,true
94,add,94-,649,true
95,get,63-,,
96,get,67-,,
97,get,78-,,
98,get,67-,,
99,unhide,24-,,
100,unhide,66-,,
