RID,reqtype,dt
1,addPage,c891dc60-c306-4e2d-b70a-433e7b9ea49a
2,getPage,c891dc60-c306-4e2d-b70a-433e7b9ea49a
3,getPage,c891dc60-c306-4e2d-b70a-433e7b9ea49a
4,getPage,c891dc60-c306-4e2d-b70a-433e7b9ea49a
5,getPage,c891dc60-c306-4e2d-b70a-433e7b9ea49a
6,postComment,
7,getPage,c891dc60-c306-4e2d-b70a-433e7b9ea49a
8,addPage,cb5381c9-4eea-406a-b67d-8a01ca25b11a
9,getPage,cb5381c9-4eea-406a-b67d-8a01ca25b11a
10,postComment,
11,addPage,3a8abaaf-05bb-4ebc-ab57-31fd505ec6c4
12,addPage,3e72392b-f96a-4a97-84f5-643d47f817f4
13,getPage,c891dc60-c306-4e2d-b70a-433e7b9ea49a
14,postComment,
15,getPage,cb5381c9-4eea-406a-b67d-8a01ca25b11a